<?xml version="1.0" encoding="utf-8"?>
<addon addon_id="robboDonationSidebar" title="Donation Manager Sidebar" version_string="1.0 RC 1" version_id="1011" url="" install_callback_class="" install_callback_method="" uninstall_callback_class="" uninstall_callback_method="">

<admin_navigation/>

<admin_permissions/>

<code_event_listeners>
  <listener event_id="init_dependencies" execute_order="9" callback_class="Robbo\DonationManagerSidebar\Listener" callback_method="initDependencies" active="1" hint="" description=""/>
</code_event_listeners>

<code_events/>

<cron/>

<email_templates/>

<optiongroups/>

<permissions>
  <permission_groups/>
  <permissions/>
  <interface_groups/>
</permissions>

<phrases/>

<route_prefixes/>

<templates>
<template title="robbo_donationmanagersidebar_donor" version_id="3" version_string="Build: 3"><![CDATA[<div class="section topDonors">
	<div class="secondaryContent avatarHeap">
		<h3>{xen:phrase merc_top_donors}</h3>

		<ol>
			<xen:foreach loop="$topDonors" value="$donation">
				<li><xen:avatar user="$donation" size="s" class="Tooltip" title="{$donation.username}. {xen:phrase merc_total_donated}: {xen:helper amount, $donation.amount}" /></li>
			</xen:foreach>
		</ol>
	</div>
	<div class="sectionFooter">
		<a href="{xen:link donors}">{xen:phrase view_all}</a>
	</div>
</div>]]></template>
<template title="robbo_donationsidebar_donor" version_id="3" version_string="Build: 3"><![CDATA[<div class="topDonors">
	<div class="secondaryContent avatarHeap">
		<h3>{xen:phrase merc_top_donors}</h3>

		<ol>
			<xen:foreach loop="$topDonors" value="$donation">
				<li><xen:avatar user="$donation" size="s" class="Tooltip" title="{$donation.username}. {xen:phrase merc_total_donated}: {xen:helper amount, $donation.amount}" /></li>
			</xen:foreach>
		</ol>
	</div>
	<div class="sectionFooter">
		<a href="{xen:link donors}">{xen:phrase view_all}</a>
	</div>
</div>]]></template>
<template title="robbo_donationsidebar_goal" version_id="3" version_string="Build: 3"><![CDATA[<xen:require css="merc_donation_sidebar.css" />
<xen:require css="robbo_donationsidebar_sidebars.css" />
<xen:require js="js/merc/donation_manager.js" />

<div class="section donationSidebar">
	<xen:if is="{xen:count $goals} == 1">
	        <xen:foreach loop="$goals" value="$goal">
	        <div class="goal solo">
	            <ul class="goalInfo">
	                <li>
	                    <div>{xen:helper amount, $goal.donated, true}
	                        <span>{xen:phrase raised_so_far}</span>
	                    </div>
	                </li>
	                <li>
	                    <div>{xen:helper amount, {$goal.goal}, true}
	                        <span{xen:if {$goal.end_date}, ' title="{xen:phrase ending}: {xen:datetime {$goal.end_date}}"'}>{xen:phrase goal}{xen:if {$goal.end_date}, ' ({xen:helper goaltimeleft, {$goal.end_date}})'}</span>
	                    </div>
	                </li>
	            </ul>                   
	            <div class="progressBar">
	                <span class="progressText">{xen:number {$goal.percentComplete}}%</span>
	                <span class="progressGraphic" style="width: {$goal.percentComplete}%; background-color: rgb({xen:helper progressrgb, $goal.percentComplete});"></span>
	            </div>
	            <xen:if is="{$xenOptions.acceptingDonations}">
	                <a href="{xen:link goals/donate, $goal}" class="OverlayTrigger callToAction"><span>{xen:phrase donate}</span></a>
	            <xen:else />
	                <div class="donationsOff">
	                    <h3 class="description">{xen:phrase donations_arent_currently_being_accepted}</h3>
	                </div>
	            </xen:if>
	            <div class="goalDetailsLink"><a href="{xen:link goals, $goal}" class="Tooltip" title="{$goal.title}">{xen:phrase view_goal_details}</a></div>
	        </div>
	    </xen:foreach>
	</xen:if>
	<xen:if is="{xen:count $goals} > 1">
	    <xen:foreach loop="$goals" value="$goal">
	        <div class="goal">
	            <h4 class="goalTitle"><a href="{xen:link goals, $goal}" class="Tooltip" title="{xen:phrase view_goal_details}...">{$goal.title}</a></h4>
	            <div class="progressBar">
	                <span class="progressText">{xen:helper amount, {$goal.donated}} / {xen:helper amount, {$goal.goal}}</span>
	                <span class="progressGraphic" style="width: {$goal.percentComplete}%; background-color: rgb({xen:helper progressrgb, $goal.percentComplete});"></span>
	            </div>
	            <div class="goalFooter">
	                <xen:if is="{$xenOptions.acceptingDonations}">
	                    <div class="daysLeft" title="{xen:phrase ending}: {xen:datetime {$goal.end_date}}">{xen:helper goaltimeleft, {$goal.end_date}}</div>
	                    <a href="{xen:link goals/donate, $goal}" class="OverlayTrigger callToAction"><span>{xen:phrase donate}</span></a></label>
	                <xen:else />
	                    <div class="donationsOff">
	                        <h3 class="description">{xen:phrase donations_arent_currently_being_accepted}</h3>
	                    </div>
	                </xen:if>
	            </div>
	        </div>
	    </xen:foreach>
	</xen:if>
	
	<xen:if is="{$xenOptions.donationSectionEnabled.donationList}">
	    <div class="sectionFooter">
	        <a href="{xen:link donations}">{xen:phrase merc_view_donations}</a>
	    </div>
	</xen:if>
</div>]]></template>
<template title="robbo_donationsidebar_sidebars.css" version_id="3" version_string="Build: 3"><![CDATA[.donationSidebar .goal.solo .callToAction {
	margin-left: 67px;
	margin-right: 67px;
}]]></template>
<template title="robbo_donationsidebar_topdonations" version_id="3" version_string="Build: 3"><![CDATA[<xen:require css="merc_donation_sidebar.css" />
<xen:require css="robbo_donationsidebar_sidebars.css" />

<div class="avatarList topDonations">
	<ul>
		<xen:foreach loop="$topDonations" value="$donation">
			<li>
				<xen:avatar user="$donation" size="s" img="true" />
				<xen:username user="$donation" />
				<span class="muted">{xen:helper amount, $donation.amount}</span>
			</li>
		</xen:foreach>
	</ul>
</div>]]></template>
<template title="robbo_donationsidebar_topdonors" version_id="3" version_string="Build: 3"><![CDATA[<xen:require css="merc_donation_sidebar.css" />
<xen:require css="robbo_donationsidebar_sidebars.css" />

<div class="avatarHeap topDonors">
	<ol>
		<xen:foreach loop="$topDonors" value="$donation">
			<li><xen:avatar user="$donation" size="s" class="Tooltip" title="{$donation.username}. {xen:phrase merc_total_donated}: {xen:helper amount, $donation.amount}" /></li>
		</xen:foreach>
	</ol>
</div>]]></template>
</templates>
<admin_templates>
</admin_templates>

</addon>